﻿<?xml version="1.0" encoding="UTF-8" standalone="yes"?>
  <addon id="repository.psikon" name="Psikon Repo" version="1.0.0" provider-name="Psikon">
    <extension point="xbmc.addon.repository" name="Psikon Repo">
    <info>https://github.com/v0idnull/xbmc/raw/master/addons.xml</info>
    <checksum>https://github.com/v0idnull/xbmc/raw/master/addons.xml.md5</checksum>
    <datadir zip="true">https://github.com/v0idnull/xbmc/raw/master/repo</datadir>
    </extension>
    <extension point="xbmc.addon.metadata">
    <summary lang="en">Psikon Repo</summary>
	<description lang="en">A collection of useful plugins for XBMC.</description>
	<disclaimer lang="en">No promises ;)</disclaimer>
	<platform>all</platform>
    </extension>
  </addon>