<?xml version="1.0" encoding="UTF-8" standalone="yes"?>
<addon id="service.psikon.bgmusic"
       name="Psikon BG Music"
      version="0.0.7"
      provider-name="Psikon">
    <requires>
        <import addon="xbmc.python" version="2.1.0"/>
    </requires>
    <extension point="xbmc.service" library="default.py" start="login"/>
    <extension point="xbmc.addon.metadata">
        <summary lang="en">
			Service that will play music of your choosing when idle.
		</summary>
		<description lang="en">
			Service that will play music of your choosing when idle. This is not quite the same as some skins who have a "play playlist at start up feature". This service check every two seconds whether or not there is an active player. If there isn't, then it will play the configured media.
		</description>
        <platform>all</platform>
        <website>http://psikon.com</website>
        <email>v0idnull@psikon.com</email>
    </extension>
</addon>
