<window type="window">
	<controls>
		<control type="group">
			<posx>343</posx>
			<posy>78</posy>
			<animation type="WindowOpen">
				<effect type="fade" start="0" end="100" time="500"/>
				<effect type="zoom" start="0" end="100" time="500" center="640,263" tween="back" easing="out"/>
			</animation>
			<animation type="WindowClose">
				<effect type="fade" start="100" end="0" time="500"/>
				<effect type="zoom" start="100" end="0" time="500" center="640,263" tween="back" easing="in"/>
			</animation>
		</control>
	</controls>
</window>
